firstName,lastName
John,Doe
John,Иванов
John,Kr
John,zhcxcuvjocmnpshglhafnkfrsnhrblhwdnhcsbvqxcndxfyucn
John,Doe123
John,Doe&
John,Doe Smith
John,Иванова-Петрова
Анна,Иванов
Анна,Kr
Анна,zhcxcuvjocmnpshglhafnkfrsnhrblhwdnhcsbvqxcndxfyucn
Анна,Doe123
Анна,Doe&
Анна,Doe Smith
Анна,Иванова-Петрова
Анна,Doe
Ar,Kr
Ar,zhcxcuvjocmnpshglhafnkfrsnhrblhwdnhcsbvqxcndxfyucn
Ar,Doe123
Ar,Doe&
Ar,Doe Smith
Ar,Иванова-Петрова
Ar,Doe
Ar,Иванов
xlfkxyatmwpskcqggichrjvruhvwlouumawwugbkdjidkrbylw,zhcxcuvjocmnpshglhafnkfrsnhrblhwdnhcsbvqxcndxfyucn
xlfkxyatmwpskcqggichrjvruhvwlouumawwugbkdjidkrbylw,Doe123
xlfkxyatmwpskcqggichrjvruhvwlouumawwugbkdjidkrbylw,Doe&
xlfkxyatmwpskcqggichrjvruhvwlouumawwugbkdjidkrbylw,Doe Smith
xlfkxyatmwpskcqggichrjvruhvwlouumawwugbkdjidkrbylw,Иванова-Петрова
xlfkxyatmwpskcqggichrjvruhvwlouumawwugbkdjidkrbylw,Doe
xlfkxyatmwpskcqggichrjvruhvwlouumawwugbkdjidkrbylw,Иванов
xlfkxyatmwpskcqggichrjvruhvwlouumawwugbkdjidkrbylw,Kr
John123,Doe123
John123,Doe&
John123,Doe Smith
John123,Иванова-Петрова
John123,Doe
John123,Иванов
John123,Kr
John123,zhcxcuvjocmnpshglhafnkfrsnhrblhwdnhcsbvqxcndxfyucn
John&,Doe&
John&,Doe Smith
John&,Иванова-Петрова
John&,Doe
John&,Иванов
John&,Kr
John&,zhcxcuvjocmnpshglhafnkfrsnhrblhwdnhcsbvqxcndxfyucn
John&,Doe123
John Doe,Doe Smith
John Doe,Иванова-Петрова
John Doe,Doe
John Doe,Иванов
John Doe,Kr
John Doe,zhcxcuvjocmnpshglhafnkfrsnhrblhwdnhcsbvqxcndxfyucn
John Doe,Doe123
John Doe,Doe&
John-Smith,Иванова-Петрова
John-Smith,Doe
John-Smith,Иванов
John-Smith,Kr
John-Smith,zhcxcuvjocmnpshglhafnkfrsnhrblhwdnhcsbvqxcndxfyucn
John-Smith,Doe123
John-Smith,Doe&
John-Smith,Doe Smith
