title,firstName,lastName,gender,dateOfBirth,picture,phone,street,city,state,country,timezone
mr,Ar,Kr,other,2024-02-24,https://www.example.com/image.jpg,123-456-7890,Красная площадь 1,Paris,State of Idaho,Россия,+3:30
mr,xlfkxyatmwpskcqggichrjvruhvwlouumawwugbkdjidkrbylw,zhcxcuvjocmnpshglhafnkfrsnhrblhwdnhcsbvqxcndxfyucn,,2012-02-28,http://www.example.com/image.jpg,123.456.7890,zypgh,AB,123,yuqtbvifwvhrwixntqajggkpibqwbq,+12:45
mr,John123,Doe123,male,2020-02-29,https://example.com/image.png,,hjrbhudbzfdsdkomornotsmiwfbtfaauyiwyqpsopfdonmxeoxyiigzvfatcsmrzuveiqnxsxymktmwygacwtjsrbbznzqdowydy,ntkzlkdlplztxfjceesupzzufmlxcq,njytqbrhrvzovsjfiudfvnrcykadlc,BU,-5:00
mr,John&,Doe&,female,1900-01-01,http://example.com/image.png,(123) 456-7890,,,,,+14:00
mr,John Doe,Doe Smith,other,2000-12-31,https://www.example.com/image.png,+1 (123) 456-7890,123 Main Street,New York,NY,USA,-12:00
mr,John-Smith,Иванова-Петрова,,2024-02-24,http://www.example.com/image.png,1-800-555-0199,Avenue des Champs-?lys?es,Москва,МО,Russia,+0:00
mr,John,Doe,male,2012-02-28,https://example.com/image.gif,+44 (20) 1234 5678,Красная площадь, 1,Paris,State of Idaho,Россия,
mr,Анна,Иванов,female,2020-02-29,http://example.com/image.gif,+81 3 1234 5678,zypgh,AB,123,yuqtbvifwvhrwixntqajggkpibqwbq,+7:00
ms,Анна,Kr,,2020-02-29,http://example.com/image.png,+1 (123) 456-7890,Avenue des Champs-?lys?es,Paris,123,BU,+3:30
ms,Ar,zhcxcuvjocmnpshglhafnkfrsnhrblhwdnhcsbvqxcndxfyucn,male,1900-01-01,https://www.example.com/image.png,1-800-555-0199,Красная площадь, 1,AB,njytqbrhrvzovsjfiudfvnrcykadlc,,+7:00
ms,xlfkxyatmwpskcqggichrjvruhvwlouumawwugbkdjidkrbylw,Doe123,female,2000-12-31,http://www.example.com/image.png,+44 (20) 1234 5678,zypgh,ntkzlkdlplztxfjceesupzzufmlxcq,,USA,-1:00
ms,John123,Doe&,other,2024-02-24,https://example.com/image.gif,+81 3 1234 5678,hjrbhudbzfdsdkomornotsmiwfbtfaauyiwyqpsopfdonmxeoxyiigzvfatcsmrzuveiqnxsxymktmwygacwtjsrbbznzqdowydy,,NY,Russia,+3:30
ms,John&,Doe Smith,,2012-02-28,http://example.com/image.gif,1234567890,,New York,МО,Россия,+12:45
ms,John Doe,Иванова-Петрова,male,2020-02-29,https://www.example.com/image.gif,1234567890,123 Main Street,Москва,State of Idaho,yuqtbvifwvhrwixntqajggkpibqwbq,-5:00
ms,Анна,Kr,,1900-01-01,http://example.com/image.jpg,123-456-7890,zypgh,ntkzlkdlplztxfjceesupzzufmlxcq,,USA,+0:00
ms,Ar,zhcxcuvjocmnpshglhafnkfrsnhrblhwdnhcsbvqxcndxfyucn,male,2000-12-31,https://www.example.com/image.jpg,123.456.7890,hjrbhudbzfdsdkomornotsmiwfbtfaauyiwyqpsopfdonmxeoxyiigzvfatcsmrzuveiqnxsxymktmwygacwtjsrbbznzqdowydy,,NY,Russia,
ms,xlfkxyatmwpskcqggichrjvruhvwlouumawwugbkdjidkrbylw,Doe,female,2024-02-24,http://www.example.com/image.jpg,,,New York,МО,Россия,+7:00
ms,John,Иванов,other,2012-02-28,https://example.com/image.png,(123) 456-7890,123 Main Street,Москва,State of Idaho,yuqtbvifwvhrwixntqajggkpibqwbq,-1:00
mrs,Ar,Doe123,other,2012-02-28,https://www.example.com/image.gif,1234567890,Красная площадь, 1,ntkzlkdlplztxfjceesupzzufmlxcq,NY,Россия,-1:00
mrs,xlfkxyatmwpskcqggichrjvruhvwlouumawwugbkdjidkrbylw,Doe&,,2020-02-29,http://www.example.com/image.gif,1234567890,zypgh,,МО,yuqtbvifwvhrwixntqajggkpibqwbq,+3:30
mrs,John123,Doe Smith,male,1900-01-01,https://example.com/image.jpg,123-456-7890,hjrbhudbzfdsdkomornotsmiwfbtfaauyiwyqpsopfdonmxeoxyiigzvfatcsmrzuveiqnxsxymktmwygacwtjsrbbznzqdowydy,New York,State of Idaho,BU,+7:00
mrs,John&,Иванова-Петрова,female,2000-12-31,http://example.com/image.jpg,123.456.7890,,Москва,123,,-1:00
mrs,John Doe,Doe,other,1900-01-01,https://www.example.com/image.jpg,,123 Main Street,Paris,njytqbrhrvzovsjfiudfvnrcykadlc,USA,+3:30
mrs,John-Smith,Иванов,,2000-12-31,http://www.example.com/image.jpg,(123) 456-7890,Avenue des Champs-?lys?es,AB,,Russia,+12:45
mrs,John,Kr,male,2024-02-24,https://example.com/image.png,+1 (123) 456-7890,Красная площадь, 1,ntkzlkdlplztxfjceesupzzufmlxcq,NY,Россия,-5:00
mrs,Анна,zhcxcuvjocmnpshglhafnkfrsnhrblhwdnhcsbvqxcndxfyucn,female,2012-02-28,http://example.com/image.png,1-800-555-0199,zypgh,,МО,yuqtbvifwvhrwixntqajggkpibqwbq,+14:00
mrs,Ar,Doe,other,2020-02-29,https://www.example.com/image.png,+44 (20) 1234 5678,hjrbhudbzfdsdkomornotsmiwfbtfaauyiwyqpsopfdonmxeoxyiigzvfatcsmrzuveiqnxsxymktmwygacwtjsrbbznzqdowydy,New York,State of Idaho,BU,-12:00
mrs,xlfkxyatmwpskcqggichrjvruhvwlouumawwugbkdjidkrbylw,Иванов,,1900-01-01,http://www.example.com/image.png,+81 3 1234 5678,,Москва,123,,+0:00
miss,xlfkxyatmwpskcqggichrjvruhvwlouumawwugbkdjidkrbylw,Doe Smith,female,1900-01-01,http://www.example.com/image.jpg,+1 (123) 456-7890,zypgh,New York,123,USA,+7:00
miss,John123,Иванова-Петрова,other,2000-12-31,https://example.com/image.png,1-800-555-0199,hjrbhudbzfdsdkomornotsmiwfbtfaauyiwyqpsopfdonmxeoxyiigzvfatcsmrzuveiqnxsxymktmwygacwtjsrbbznzqdowydy,Москва,njytqbrhrvzovsjfiudfvnrcykadlc,Russia,-1:00
miss,John&,Doe,,2024-02-24,http://example.com/image.png,+44 (20) 1234 5678,,Paris,,Россия,+3:30
miss,John Doe,Иванов,male,2012-02-28,https://www.example.com/image.png,+81 3 1234 5678,123 Main Street,AB,NY,yuqtbvifwvhrwixntqajggkpibqwbq,+7:00
miss,John-Smith,Kr,female,2020-02-29,http://www.example.com/image.png,1234567890,Avenue des Champs-?lys?es,ntkzlkdlplztxfjceesupzzufmlxcq,МО,BU,-1:00
miss,xlfkxyatmwpskcqggichrjvruhvwlouumawwugbkdjidkrbylw,Kr,female,2012-02-28,http://www.example.com/image.gif,123-456-7890,,Paris,,Россия,+14:00
miss,John,zhcxcuvjocmnpshglhafnkfrsnhrblhwdnhcsbvqxcndxfyucn,other,2020-02-29,https://example.com/image.jpg,123.456.7890,123 Main Street,AB,NY,yuqtbvifwvhrwixntqajggkpibqwbq,-12:00
miss,Анна,Doe123,,1900-01-01,http://example.com/image.jpg,,Avenue des Champs-?lys?es,ntkzlkdlplztxfjceesupzzufmlxcq,МО,BU,+0:00
miss,Ar,Doe&,male,2000-12-31,https://www.example.com/image.jpg,(123) 456-7890,Красная площадь, 1,,State of Idaho,,
dr,John123,Doe,male,2020-02-29,https://example.com/image.gif,1234567890,hjrbhudbzfdsdkomornotsmiwfbtfaauyiwyqpsopfdonmxeoxyiigzvfatcsmrzuveiqnxsxymktmwygacwtjsrbbznzqdowydy,Paris,NY,BU,
dr,John&,Иванов,female,1900-01-01,http://example.com/image.gif,1234567890,,AB,МО,,+7:00
dr,John Doe,Kr,other,2000-12-31,https://www.example.com/image.gif,123-456-7890,123 Main Street,ntkzlkdlplztxfjceesupzzufmlxcq,State of Idaho,USA,-1:00
dr,John-Smith,zhcxcuvjocmnpshglhafnkfrsnhrblhwdnhcsbvqxcndxfyucn,,2024-02-24,http://www.example.com/image.gif,123.456.7890,Avenue des Champs-?lys?es,,123,Russia,+3:30
dr,John,Doe,male,2012-02-28,https://example.com/image.jpg,,Красная площадь, 1,New York,njytqbrhrvzovsjfiudfvnrcykadlc,Россия,+7:00
dr,Анна,Иванов,female,2020-02-29,http://example.com/image.jpg,(123) 456-7890,zypgh,Москва,,yuqtbvifwvhrwixntqajggkpibqwbq,-1:00
dr,Ar,Kr,other,1900-01-01,https://www.example.com/image.jpg,+1 (123) 456-7890,hjrbhudbzfdsdkomornotsmiwfbtfaauyiwyqpsopfdonmxeoxyiigzvfatcsmrzuveiqnxsxymktmwygacwtjsrbbznzqdowydy,Paris,NY,BU,+3:30
dr,xlfkxyatmwpskcqggichrjvruhvwlouumawwugbkdjidkrbylw,zhcxcuvjocmnpshglhafnkfrsnhrblhwdnhcsbvqxcndxfyucn,,2000-12-31,http://www.example.com/image.jpg,1-800-555-0199,,AB,МО,,+12:45
dr,John,Doe123,male,1900-01-01,https://example.com/image.png,+44 (20) 1234 5678,123 Main Street,ntkzlkdlplztxfjceesupzzufmlxcq,State of Idaho,USA,-5:00
dr,Анна,Doe&,female,2000-12-31,http://example.com/image.png,+81 3 1234 5678,Avenue des Champs-?lys?es,,123,Russia,+14:00
dr,Ar,Doe Smith,other,2024-02-24,https://www.example.com/image.png,1234567890,Красная площадь, 1,New York,njytqbrhrvzovsjfiudfvnrcykadlc,Россия,-12:00
,John&,Kr,,2012-02-28,http://example.com/image.jpg,+1 (123) 456-7890,,ntkzlkdlplztxfjceesupzzufmlxcq,123,Россия,+0:00
,John Doe,zhcxcuvjocmnpshglhafnkfrsnhrblhwdnhcsbvqxcndxfyucn,male,2020-02-29,https://www.example.com/image.jpg,1-800-555-0199,123 Main Street,,njytqbrhrvzovsjfiudfvnrcykadlc,yuqtbvifwvhrwixntqajggkpibqwbq,
,John-Smith,Doe,female,1900-01-01,http://www.example.com/image.jpg,+44 (20) 1234 5678,Avenue des Champs-?lys?es,New York,,BU,+7:00
,John,Иванов,other,2000-12-31,https://example.com/image.png,+81 3 1234 5678,Красная площадь, 1,Москва,NY,,-1:00
,Анна,Kr,,1900-01-01,http://example.com/image.png,1234567890,zypgh,Paris,МО,USA,+3:30
,Ar,zhcxcuvjocmnpshglhafnkfrsnhrblhwdnhcsbvqxcndxfyucn,male,2000-12-31,https://www.example.com/image.png,1234567890,hjrbhudbzfdsdkomornotsmiwfbtfaauyiwyqpsopfdonmxeoxyiigzvfatcsmrzuveiqnxsxymktmwygacwtjsrbbznzqdowydy,AB,State of Idaho,Russia,+7:00
,xlfkxyatmwpskcqggichrjvruhvwlouumawwugbkdjidkrbylw,Doe123,female,2024-02-24,http://www.example.com/image.png,1234567890,,ntkzlkdlplztxfjceesupzzufmlxcq,123,Россия,-1:00
,John,Doe&,other,2012-02-28,https://example.com/image.gif,1234567890,123 Main Street,,njytqbrhrvzovsjfiudfvnrcykadlc,yuqtbvifwvhrwixntqajggkpibqwbq,+3:30
,Анна,Doe Smith,,2020-02-29,http://example.com/image.gif,123-456-7890,Avenue des Champs-?lys?es,New York,,BU,+12:45
,Ar,Иванова-Петрова,male,1900-01-01,https://www.example.com/image.gif,123.456.7890,Красная площадь, 1,Москва,NY,,-5:00
,xlfkxyatmwpskcqggichrjvruhvwlouumawwugbkdjidkrbylw,Doe,female,2000-12-31,http://www.example.com/image.gif,,zypgh,Paris,МО,USA,+14:00
,John123,Иванов,other,2024-02-24,https://example.com/image.jpg,(123) 456-7890,hjrbhudbzfdsdkomornotsmiwfbtfaauyiwyqpsopfdonmxeoxyiigzvfatcsmrzuveiqnxsxymktmwygacwtjsrbbznzqdowydy,AB,State of Idaho,Russia,-12:00
mr,John-Smith,Иванов,,2000-12-31,http://www.example.com/image.png,1234567890,Avenue des Champs-?lys?es,Москва,МО,Russia,+0:00
mr,John,Kr,male,2024-02-24,https://example.com/image.gif,123-456-7890,Красная площадь, 1,Paris,State of Idaho,Россия,
mr,Анна,zhcxcuvjocmnpshglhafnkfrsnhrblhwdnhcsbvqxcndxfyucn,female,2012-02-28,http://example.com/image.gif,123.456.7890,zypgh,AB,123,yuqtbvifwvhrwixntqajggkpibqwbq,+7:00
mr,Ar,Doe123,other,2020-02-29,https://www.example.com/image.gif,,hjrbhudbzfdsdkomornotsmiwfbtfaauyiwyqpsopfdonmxeoxyiigzvfatcsmrzuveiqnxsxymktmwygacwtjsrbbznzqdowydy,ntkzlkdlplztxfjceesupzzufmlxcq,njytqbrhrvzovsjfiudfvnrcykadlc,BU,-1:00
mr,xlfkxyatmwpskcqggichrjvruhvwlouumawwugbkdjidkrbylw,Doe&,,1900-01-01,http://www.example.com/image.gif,(123) 456-7890,,,,,+3:30
mr,John,Doe Smith,male,2000-12-31,https://example.com/image.jpg,+1 (123) 456-7890,123 Main Street,New York,NY,USA,+7:00
mr,Анна,Иванова-Петрова,female,2024-02-24,http://example.com/image.jpg,1-800-555-0199,Avenue des Champs-?lys?es,Москва,МО,Russia,-1:00
mr,Ar,Doe,other,2012-02-28,https://www.example.com/image.jpg,+44 (20) 1234 5678,Красная площадь, 1,Paris,State of Idaho,Россия,+3:30
mr,xlfkxyatmwpskcqggichrjvruhvwlouumawwugbkdjidkrbylw,Иванов,,2020-02-29,http://www.example.com/image.jpg,+81 3 1234 5678,zypgh,AB,123,yuqtbvifwvhrwixntqajggkpibqwbq,+12:45
mr,John123,Kr,male,1900-01-01,https://example.com/image.png,1234567890,hjrbhudbzfdsdkomornotsmiwfbtfaauyiwyqpsopfdonmxeoxyiigzvfatcsmrzuveiqnxsxymktmwygacwtjsrbbznzqdowydy,ntkzlkdlplztxfjceesupzzufmlxcq,njytqbrhrvzovsjfiudfvnrcykadlc,BU,-5:00
ms,John-Smith,Kr,female,2020-02-29,http://www.example.com/image.gif,+1 (123) 456-7890,Avenue des Champs-?lys?es,Paris,123,BU,+14:00
ms,John,zhcxcuvjocmnpshglhafnkfrsnhrblhwdnhcsbvqxcndxfyucn,other,1900-01-01,https://example.com/image.jpg,1-800-555-0199,Красная площадь, 1,AB,njytqbrhrvzovsjfiudfvnrcykadlc,,-12:00
ms,Анна,Doe123,,2000-12-31,http://example.com/image.jpg,+44 (20) 1234 5678,zypgh,ntkzlkdlplztxfjceesupzzufmlxcq,,USA,+0:00
ms,Ar,Doe&,male,2024-02-24,https://www.example.com/image.jpg,+81 3 1234 5678,hjrbhudbzfdsdkomornotsmiwfbtfaauyiwyqpsopfdonmxeoxyiigzvfatcsmrzuveiqnxsxymktmwygacwtjsrbbznzqdowydy,,NY,Russia,
ms,John,Иванова-Петрова,other,2020-02-29,https://example.com/image.png,1234567890,123 Main Street,Москва,State of Idaho,yuqtbvifwvhrwixntqajggkpibqwbq,-1:00
ms,Анна,Doe,,1900-01-01,http://example.com/image.png,1234567890,Avenue des Champs-?lys?es,Paris,123,BU,+3:30
ms,Ar,Иванов,male,2000-12-31,https://www.example.com/image.png,1234567890,Красная площадь, 1,AB,njytqbrhrvzovsjfiudfvnrcykadlc,,+7:00
ms,xlfkxyatmwpskcqggichrjvruhvwlouumawwugbkdjidkrbylw,Kr,female,1900-01-01,http://www.example.com/image.png,123-456-7890,zypgh,ntkzlkdlplztxfjceesupzzufmlxcq,,USA,-1:00
ms,John123,zhcxcuvjocmnpshglhafnkfrsnhrblhwdnhcsbvqxcndxfyucn,other,2000-12-31,https://example.com/image.gif,123.456.7890,hjrbhudbzfdsdkomornotsmiwfbtfaauyiwyqpsopfdonmxeoxyiigzvfatcsmrzuveiqnxsxymktmwygacwtjsrbbznzqdowydy,,NY,Russia,+3:30
ms,John&,Doe,,2024-02-24,http://example.com/image.gif,,,New York,МО,Россия,+12:45
ms,John Doe,Иванов,male,2012-02-28,https://www.example.com/image.gif,(123) 456-7890,123 Main Street,Москва,State of Idaho,yuqtbvifwvhrwixntqajggkpibqwbq,-5:00
mrs,John,Doe123,male,2012-02-28,https://example.com/image.png,1234567890,Красная площадь, 1,ntkzlkdlplztxfjceesupzzufmlxcq,NY,Россия,-5:00
mrs,Анна,Doe&,female,2020-02-29,http://example.com/image.png,1234567890,zypgh,,МО,yuqtbvifwvhrwixntqajggkpibqwbq,+14:00
mrs,Ar,Doe Smith,other,1900-01-01,https://www.example.com/image.png,123-456-7890,hjrbhudbzfdsdkomornotsmiwfbtfaauyiwyqpsopfdonmxeoxyiigzvfatcsmrzuveiqnxsxymktmwygacwtjsrbbznzqdowydy,New York,State of Idaho,BU,-12:00
mrs,xlfkxyatmwpskcqggichrjvruhvwlouumawwugbkdjidkrbylw,Иванова-Петрова,,2000-12-31,http://www.example.com/image.png,123.456.7890,,Москва,123,,+0:00
mrs,John,Doe,male,1900-01-01,https://example.com/image.gif,,123 Main Street,Paris,njytqbrhrvzovsjfiudfvnrcykadlc,USA,
mrs,Анна,Иванов,female,2000-12-31,http://example.com/image.gif,(123) 456-7890,Avenue des Champs-?lys?es,AB,,Russia,+7:00
mrs,Ar,Kr,other,2024-02-24,https://www.example.com/image.gif,+1 (123) 456-7890,Красная площадь, 1,ntkzlkdlplztxfjceesupzzufmlxcq,NY,Россия,-1:00
mrs,xlfkxyatmwpskcqggichrjvruhvwlouumawwugbkdjidkrbylw,zhcxcuvjocmnpshglhafnkfrsnhrblhwdnhcsbvqxcndxfyucn,,2012-02-28,http://www.example.com/image.gif,1-800-555-0199,zypgh,,МО,yuqtbvifwvhrwixntqajggkpibqwbq,+3:30
mrs,John123,Doe,male,2020-02-29,https://example.com/image.jpg,+44 (20) 1234 5678,hjrbhudbzfdsdkomornotsmiwfbtfaauyiwyqpsopfdonmxeoxyiigzvfatcsmrzuveiqnxsxymktmwygacwtjsrbbznzqdowydy,New York,State of Idaho,BU,+7:00
mrs,John&,Иванов,female,1900-01-01,http://example.com/image.jpg,+81 3 1234 5678,,Москва,123,,-1:00
mrs,John Doe,Kr,other,2000-12-31,https://www.example.com/image.jpg,1234567890,123 Main Street,Paris,njytqbrhrvzovsjfiudfvnrcykadlc,USA,+3:30
mrs,John-Smith,zhcxcuvjocmnpshglhafnkfrsnhrblhwdnhcsbvqxcndxfyucn,,2024-02-24,http://www.example.com/image.jpg,1234567890,Avenue des Champs-?lys?es,AB,,Russia,+12:45
miss,Анна,Doe Smith,,1900-01-01,http://example.com/image.gif,+1 (123) 456-7890,zypgh,New York,123,USA,+12:45
miss,Ar,Иванова-Петрова,male,2000-12-31,https://www.example.com/image.gif,1-800-555-0199,hjrbhudbzfdsdkomornotsmiwfbtfaauyiwyqpsopfdonmxeoxyiigzvfatcsmrzuveiqnxsxymktmwygacwtjsrbbznzqdowydy,Москва,njytqbrhrvzovsjfiudfvnrcykadlc,Russia,-5:00
miss,xlfkxyatmwpskcqggichrjvruhvwlouumawwugbkdjidkrbylw,Doe,female,2024-02-24,http://www.example.com/image.gif,+44 (20) 1234 5678,,Paris,,Россия,+14:00
miss,John,Иванов,other,2012-02-28,https://example.com/image.jpg,+81 3 1234 5678,123 Main Street,AB,NY,yuqtbvifwvhrwixntqajggkpibqwbq,-12:00
miss,Анна,Kr,,2020-02-29,http://example.com/image.jpg,1234567890,Avenue des Champs-?lys?es,ntkzlkdlplztxfjceesupzzufmlxcq,МО,BU,+0:00
miss,Ar,zhcxcuvjocmnpshglhafnkfrsnhrblhwdnhcsbvqxcndxfyucn,male,1900-01-01,https://www.example.com/image.jpg,1234567890,Красная площадь, 1,,State of Idaho,,
miss,xlfkxyatmwpskcqggichrjvruhvwlouumawwugbkdjidkrbylw,Doe,female,2000-12-31,http://www.example.com/image.jpg,1234567890,zypgh,New York,123,USA,+7:00
miss,John123,Иванов,other,2024-02-24,https://example.com/image.png,1234567890,hjrbhudbzfdsdkomornotsmiwfbtfaauyiwyqpsopfdonmxeoxyiigzvfatcsmrzuveiqnxsxymktmwygacwtjsrbbznzqdowydy,Москва,njytqbrhrvzovsjfiudfvnrcykadlc,Russia,-1:00
miss,John&,Kr,,2012-02-28,http://example.com/image.png,123-456-7890,,Paris,,Россия,+3:30
miss,John Doe,zhcxcuvjocmnpshglhafnkfrsnhrblhwdnhcsbvqxcndxfyucn,male,2020-02-29,https://www.example.com/image.png,123.456.7890,123 Main Street,AB,NY,yuqtbvifwvhrwixntqajggkpibqwbq,+7:00
miss,John-Smith,Doe123,female,1900-01-01,http://www.example.com/image.png,,Avenue des Champs-?lys?es,ntkzlkdlplztxfjceesupzzufmlxcq,МО,BU,-1:00
miss,John,Doe&,other,2000-12-31,https://example.com/image.gif,(123) 456-7890,Красная площадь, 1,,State of Idaho,,+3:30
dr,John,Kr,male,2000-12-31,https://example.com/image.png,123-456-7890,123 Main Street,ntkzlkdlplztxfjceesupzzufmlxcq,State of Idaho,USA,-5:00
dr,Анна,zhcxcuvjocmnpshglhafnkfrsnhrblhwdnhcsbvqxcndxfyucn,female,2024-02-24,http://example.com/image.png,123.456.7890,Avenue des Champs-?lys?es,,123,Russia,+14:00
dr,Ar,Doe,other,2012-02-28,https://www.example.com/image.png,,Красная площадь, 1,New York,njytqbrhrvzovsjfiudfvnrcykadlc,Россия,-12:00
dr,xlfkxyatmwpskcqggichrjvruhvwlouumawwugbkdjidkrbylw,Иванов,,2020-02-29,http://www.example.com/image.png,(123) 456-7890,zypgh,Москва,,yuqtbvifwvhrwixntqajggkpibqwbq,+0:00
dr,John123,Kr,male,1900-01-01,https://example.com/image.gif,+1 (123) 456-7890,hjrbhudbzfdsdkomornotsmiwfbtfaauyiwyqpsopfdonmxeoxyiigzvfatcsmrzuveiqnxsxymktmwygacwtjsrbbznzqdowydy,Paris,NY,BU,
dr,John&,zhcxcuvjocmnpshglhafnkfrsnhrblhwdnhcsbvqxcndxfyucn,female,2000-12-31,http://example.com/image.gif,1-800-555-0199,,AB,МО,,+7:00
dr,John Doe,Doe123,other,1900-01-01,https://www.example.com/image.gif,+44 (20) 1234 5678,123 Main Street,ntkzlkdlplztxfjceesupzzufmlxcq,State of Idaho,USA,-1:00
dr,John-Smith,Doe&,,2000-12-31,http://www.example.com/image.gif,+81 3 1234 5678,Avenue des Champs-?lys?es,,123,Russia,+3:30
dr,John,Doe Smith,male,2024-02-24,https://example.com/image.jpg,1234567890,Красная площадь, 1,New York,njytqbrhrvzovsjfiudfvnrcykadlc,Россия,+7:00
dr,Анна,Иванова-Петрова,female,2012-02-28,http://example.com/image.jpg,1234567890,zypgh,Москва,,yuqtbvifwvhrwixntqajggkpibqwbq,-1:00
,xlfkxyatmwpskcqggichrjvruhvwlouumawwugbkdjidkrbylw,Kr,female,2012-02-28,http://www.example.com/image.png,+1 (123) 456-7890,,ntkzlkdlplztxfjceesupzzufmlxcq,123,Россия,-1:00
,John,zhcxcuvjocmnpshglhafnkfrsnhrblhwdnhcsbvqxcndxfyucn,other,2020-02-29,https://example.com/image.gif,1-800-555-0199,123 Main Street,,njytqbrhrvzovsjfiudfvnrcykadlc,yuqtbvifwvhrwixntqajggkpibqwbq,+3:30
,Анна,Doe,,1900-01-01,http://example.com/image.gif,+44 (20) 1234 5678,Avenue des Champs-?lys?es,New York,,BU,+12:45
,Ar,Иванов,male,2000-12-31,https://www.example.com/image.gif,+81 3 1234 5678,Красная площадь, 1,Москва,NY,,-5:00
,xlfkxyatmwpskcqggichrjvruhvwlouumawwugbkdjidkrbylw,Kr,female,1900-01-01,http://www.example.com/image.gif,1234567890,zypgh,Paris,МО,USA,+14:00
,John123,zhcxcuvjocmnpshglhafnkfrsnhrblhwdnhcsbvqxcndxfyucn,other,2000-12-31,https://example.com/image.jpg,1234567890,hjrbhudbzfdsdkomornotsmiwfbtfaauyiwyqpsopfdonmxeoxyiigzvfatcsmrzuveiqnxsxymktmwygacwtjsrbbznzqdowydy,AB,State of Idaho,Russia,-12:00
,John&,Doe123,,2024-02-24,http://example.com/image.jpg,1234567890,,ntkzlkdlplztxfjceesupzzufmlxcq,123,Россия,+0:00
,John Doe,Doe&,male,2012-02-28,https://www.example.com/image.jpg,1234567890,123 Main Street,,njytqbrhrvzovsjfiudfvnrcykadlc,yuqtbvifwvhrwixntqajggkpibqwbq,
,John-Smith,Doe Smith,female,2020-02-29,http://www.example.com/image.jpg,123-456-7890,Avenue des Champs-?lys?es,New York,,BU,+7:00
,John,Иванова-Петрова,other,1900-01-01,https://example.com/image.png,123.456.7890,Красная площадь, 1,Москва,NY,,-1:00
,Анна,Doe,,2000-12-31,http://example.com/image.png,,zypgh,Paris,МО,USA,+3:30
,Ar,Иванов,male,2024-02-24,https://www.example.com/image.png,(123) 456-7890,hjrbhudbzfdsdkomornotsmiwfbtfaauyiwyqpsopfdonmxeoxyiigzvfatcsmrzuveiqnxsxymktmwygacwtjsrbbznzqdowydy,AB,State of Idaho,Russia,+7:00
